Thu Sep 26 15:23:42 +0000 2019,-122.2721,37.8029,Hard work pays off. Hard work with your friends pays off and is fun! Sign up with a friend today to receive 10 clas‚Ä¶ https://t.co/l4hui1BaRu
Thu Sep 26 15:23:51 +0000 2019,-122.264288,37.775063,Weekly Specials: NDS 2018 Air Jordan 5 Retro Satin Bred (#65388) Sz 9.5 w/ Box In Excellent Condition Available For‚Ä¶ https://t.co/yB0pll5prt
Thu Sep 26 15:24:06 +0000 2019,-122.3958528,37.7929728,Thoughts? San Francisco:: EPA: San‚Ä¶ https://t.co/pZ0o5Qh4it #Local #News #SanFranciscoPeninsulaNews #SyndicatedLocal #Environment
Thu Sep 26 15:24:07 +0000 2019,-122.3958528,37.7929728,Thoughts? San Francisco:: New York Murder Suspect‚Ä¶ https://t.co/1KzxdQF1bQ #Crime #Local #News #SanFranciscoPeninsulaNews #Autoburglary
Thu Sep 26 15:24:07 +0000 2019,-119.4179324,36.778261,We're hiring! Click to apply: Palo Alto Consultant - https://t.co/O4NMGe3fCj #consultant
Thu Sep 26 15:24:36 +0000 2019,-122.4194155,37.7749295,American Airlines is hiring in #SanFrancisco, CA! Click the link in our bio to apply: Plant Maintenance Mechanic - Automotive #Aerospace
Thu Sep 26 15:24:41 +0000 2019,-117.65417,35.3675,Happy National Daughter's Day seximexi11 Hallie Hernandez!!! @ Randsburg, California https://t.co/Rpfpv3jH4s
Thu Sep 26 15:25:24 +0000 2019,-122.172,37.4178,[00:25:24] 171.67.70.82:45455 &gt;&gt; :25 (TCP:SYN)
Thu Sep 26 15:25:54 +0000 2019,-122.40449155,37.7830382,Live DK Crush to LAD/Diag by @esbrilakis at #TCT2019 @crfheart @TCTConference @TCTMD https://t.co/KVgAksvIq7
Thu Sep 26 15:25:56 +0000 2019,-122.4154187,37.7494464,"Bad urine Oder by the mail box and tree and entry to 3351 18 th street" (Mission, D9) https://t.co/T6pWNKIiZ4
Thu Sep 26 15:26:01 +0000 2019,-115.7170029,32.6845016,USGS reports a M1.06 #earthquake 17km NW of Progreso, B.C., MX on 9/26/19 @ 15:22:29 UTC https://t.co/ziUJXup6PY #quake
Thu Sep 26 15:26:44 +0000 2019,-116.87889474,33.9168984,Team Active would like to welcome banning_high to our family!üôåüîäüí®üéâüé•we look forward to a successful fun and exciting‚Ä¶ https://t.co/fBe3a5o2sC
Thu Sep 26 15:27:19 +0000 2019,-118.2539,34.1465,Happy Thursday Everyone! @ Glendale, California https://t.co/WrCbNBu13X
Thu Sep 26 15:27:43 +0000 2019,-118.779,34.0304,can we go somewhere tropical?üå¥üå∫ @ Malibu, California https://t.co/u5mRPF0GGa
Thu Sep 26 15:27:48 +0000 2019,-122.92681505,38.68148025,#goodmorning #sunrise #zinfandel #crushpad #agoodday #freshfruit @ Teldeschi Vineyards https://t.co/B9PL9LzFO0
Thu Sep 26 15:27:51 +0000 2019,-122.4046173,37.7678986,‚ÄôStools Week‚Äô at Garden Court üòâ: Because joint stools were so common and of comparatively low regard, later generat‚Ä¶ https://t.co/xPexJ2hRRH
Thu Sep 26 15:28:00 +0000 2019,-121.7677,37.685,‚ÄúFarm in Violet,‚Äù 18‚Äùx24‚Äù, oil on canvas #oiloncanvas #steverossiart #oilpainting #bayareaartist #bayareaartists‚Ä¶ https://t.co/VQnKaQccc7
Thu Sep 26 15:28:01 +0000 2019,-117.4636688,35.6643333,USGS reports a M1.53 #earthquake 13km SSW of Searles Valley, CA on 9/26/19 @ 15:24:38 UTC https://t.co/DUTmyTIVip #quake
Thu Sep 26 15:28:25 +0000 2019,-122.419,37.7793,Gig bags for The Amp are up on the website on accessories page! Yes I can ship overseas, but you‚Äôll need to email m‚Ä¶ https://t.co/dGjIxCeFa6
Thu Sep 26 15:28:29 +0000 2019,-122.264288,37.775063,Weekly Specials: NDS 2017 Air Jordan 4 Retro Pure$ (#65392) Sz 13 w/ Box In Great Condition (Minor Creasing) Availa‚Ä¶ https://t.co/Jzlfq5ibSp
